sample_id,endothelial_cell,pancreatic_acinar_cell,pancreatic_stellate_cell,B_cell,pancreatic_ductal_cell,myeloid_cell,T_cell
Mixture1,0.11774454006158824,0.5951918800532552,0.09263971827370229,0.08401940745230098,0.0,0.0528010283263962,0.05760342583275709
Mixture2,0.13461826029102913,0.5814717559749101,0.0,0.03432516692085403,0.18525275258558854,0.029383776677156675,0.03494828755046156
Mixture3,0.18570787256405377,0.6176219260211494,0.05344606451907429,0.0487785921822539,0.0,0.05080596039684744,0.043639584316621204
Mixture4,0.1260131659707467,0.4859296730796073,0.02815779067203002,0.06811191264555161,0.20171199782409938,0.0386151173569441,0.05146034245102085
Mixture5,0.11446589514955145,0.41792152150139794,0.03364784760419507,0.055664143423760595,0.28761081194224786,0.04510999676494095,0.0455797836139062
Mixture6,0.1698967420878136,0.3037729239207482,0.03962268622217302,0.06725307445916524,0.38980217170807646,0.02965240160202344,0.0
Mixture7,0.11138219857989932,0.5376500820955629,0.02626709931588166,0.027271566027198373,0.25509965057572503,0.02286332068103136,0.01946608272470134
Mixture8,0.22549401927395019,0.37436857812859203,0.06145156680586778,0.053662188467344066,0.20171531957622305,0.03753235208853367,0.04577597565948925
Mixture9,0.27854502227572553,0.0,0.11187353754662212,0.04415347365528529,0.4459758798557229,0.0876247852697262,0.03182730139691797
Mixture10,0.13582577855267566,0.6768206544021129,0.03337659973845433,0.05538465071321678,0.0,0.05962139320438271,0.038970923389157704
Mixture11,0.1431122063884345,0.3848564229119863,0.03717940023267708,0.029991344119778728,0.3197515268203707,0.051163872090992976,0.0339452274357597
Mixture12,0.11981273190941198,0.4495813928422749,0.041834500412400284,0.05278787904507826,0.24858426834801306,0.04942878983501228,0.03797043760780925
Mixture13,0.12483852978772149,0.49776410664913084,0.018087386868049546,0.02755520554428415,0.26559058995091506,0.035645044418338684,0.03051913678156023
Mixture14,0.10467033971083638,0.41614691342025445,0.034865451108168764,0.05244855396977508,0.3656187806984574,0.026249961092507938,0.0
Mixture15,0.06440197393376412,0.5086448666435001,0.0,0.038157809293440655,0.3110274932088329,0.05280410955014104,0.024963747370321268
Mixture16,0.0,0.44874322313013015,0.08687526421122381,0.06575544057626365,0.2765104045633117,0.05181271202813661,0.070302955490934
Mixture17,0.06094960281378755,0.5117553636053512,0.04365119065537101,0.01566245350875356,0.29764664757141224,0.030554089666341353,0.039780652178983
Mixture18,0.16089969790065303,0.33539375355513235,0.053756714516506154,0.06261991651145583,0.28957989945629153,0.03244884159391657,0.06530117646604455
Mixture19,0.13077308957118777,0.6228447836799239,0.06586344069912578,0.06612265594621582,0.0,0.07180316004823228,0.04259287005531441
Mixture20,0.049936191191699064,0.5033645842605384,0.04503055964729046,0.02445765897948361,0.31502990499576117,0.03527158129979313,0.02690951962543411
Mixture21,0.09502202578763423,0.6638978278179225,0.07822030956215334,0.028014375633152188,0.0,0.07554664223232159,0.05929881896681623
Mixture22,0.13851458900349356,0.42019473030462123,0.03285398658533544,0.03260861124044863,0.3264110567346127,0.032342676375079905,0.01707434975640857
Mixture23,0.19205661030194363,0.0,0.08130924992990396,0.08494052459864496,0.5481981980191855,0.053005760028701096,0.04048965712162085
Mixture24,0.134755026444936,0.5111507836547715,0.0323213458867687,0.0,0.24040846193617574,0.050233346299625906,0.031131035777722173
Mixture25,0.09792872462919237,0.5453347449076947,0.0,0.03333701944077134,0.22599697798936497,0.04598197950471383,0.051420553528262775
Mixture26,0.15595239372730155,0.4676641845606224,0.04623399810309766,0.030712235895451804,0.24430473863299018,0.02237610533374567,0.0327563437467908
Mixture27,0.16629303358941372,0.4857539821149924,0.1207825596679445,0.0952354022975299,0.0,0.05701603878950365,0.07491898354061592
Mixture28,0.10253540438657059,0.4496093290627728,0.0,0.03816784714553259,0.32324698566218185,0.04312315726458888,0.04331727647835333
Mixture29,0.13216805010664467,0.43643278387514645,0.04414178203439623,0.07178736527462706,0.23377083977932123,0.08169917892986432,0.0
Mixture30,0.11440042384215933,0.3596458264808254,0.08367601847463492,0.0586174334665802,0.25830612811791404,0.08124319172498515,0.044110977892901006
Mixture31,0.23495038512702004,0.545873048147882,0.04533715237752539,0.07737959083671592,0.0,0.07027451130486231,0.02618531220599439
Mixture32,0.12896136437451075,0.498175648738577,0.04866090310008688,0.035075782036778365,0.23305826878895164,0.056068032961095395,0.0
Mixture33,0.0786374263364073,0.48135598933131246,0.04431096048520416,0.02403028178081718,0.319484340964056,0.026434893837032656,0.02574610726517026
Mixture34,0.1181083759928617,0.4370914792129518,0.026838298304168173,0.05843889898790262,0.31548833351809025,0.0,0.04403461398402552
Mixture35,0.11475747438075913,0.3455720952084695,0.047123176012802685,0.044712530905315184,0.38471117067046606,0.034436413376590716,0.028687139445596754
Mixture36,0.2581833820816021,0.0,0.05101343535351307,0.07103480928460917,0.4646787260199351,0.08109421205857839,0.07399543520176226
Mixture37,0.05690738059923107,0.3963962057523524,0.05171433577058804,0.03716449775870043,0.37537525663346377,0.05964246924692809,0.022799854238736254
Mixture38,0.06049995657021885,0.4482513028211924,0.03691625503493038,0.04578497690465605,0.3851267797763418,0.023420728892660485,0.0
Mixture39,0.20412885593806349,0.3619089662548249,0.03837381552400399,0.0634827809839107,0.29279294747686446,0.03931263382233257,0.0
Mixture40,0.16370162710498165,0.29367423499561196,0.03458949539214337,0.026753565773678097,0.3873874244031648,0.06869455071380366,0.02519910161661648
Mixture41,0.06608873029223918,0.37738770361193746,0.05450650843542843,0.024812855821968238,0.3704142388013028,0.057317911538384635,0.04947205149873929
Mixture42,0.11809603236899532,0.48058132280227817,0.027566838070052266,0.04991714729311315,0.28888908962117577,0.03494956984438525,0.0
Mixture43,0.15200894567430356,0.35015832041611633,0.048017204595173994,0.06437594696748089,0.2998709660427268,0.037548884949407176,0.04801973135479132
Mixture44,0.059913092794114026,0.6362146960889942,0.0423415725309338,0.0,0.19777208411075184,0.04171986212025319,0.02203869235495302
Mixture45,0.0,0.6150896873029367,0.02084105185736616,0.03773603362690757,0.2626701865470594,0.035838375439716026,0.027824665226014178
Mixture46,0.10151111965256134,0.2981854969431089,0.05748260138732363,0.028339954769416448,0.39103852691379387,0.0714045938966264,0.05203770643716939
Mixture47,0.10009801414531581,0.5499110467971537,0.0,0.021759434801153076,0.2687243142922953,0.023657328409495564,0.0358498615545866
Mixture48,0.12941618403426813,0.29083215390557354,0.06428132625327904,0.06700159486046049,0.4064993655441968,0.04196937540222206,0.0
Mixture49,0.20792868884403146,0.3953639364051958,0.060215701459060966,0.0523459388946481,0.2399117625308868,0.04423397186617691,0.0
Mixture50,0.1370640325189089,0.5348348266050585,0.038646474216349695,0.031850030499995845,0.17149505805701046,0.05794927309143619,0.028160305011240404
Mixture51,0.17194946210051995,0.0,0.051964511520057995,0.041924649620123156,0.5850260771587794,0.1015934969617162,0.04754180263880326
Mixture52,0.2266529757307839,0.37135777064667536,0.03233736912356468,0.0810398993339798,0.25513851951059485,0.03347346565440128,0.0
Mixture53,0.06485367793594592,0.5056766439651429,0.05036389787925209,0.01888459662959683,0.2795268110103092,0.037053186965737596,0.043641185614015476
Mixture54,0.10412774828849193,0.6052650241435753,0.03802264094588813,0.020316639164397153,0.16248164515529587,0.02483244806842333,0.044953854233928246
Mixture55,0.06825305824430881,0.48385002721114234,0.06188335801258372,0.02510562597953506,0.2941333843581759,0.03610275164386138,0.030671794550392744
Mixture56,0.0,0.5821173748284174,0.04536712895596186,0.04955051736421999,0.24679640542010817,0.04441046365486851,0.031758109776424126
Mixture57,0.09914810956229621,0.5354288437082464,0.050621906054851964,0.027465931397422795,0.23549326053211886,0.031704075385505445,0.02013787335955826
Mixture58,0.12261489049875353,0.46301189206151816,0.0,0.033673645072342294,0.3327141506657117,0.03040403827152234,0.01758138343015203
Mixture59,0.09426334951975877,0.4864627399865151,0.04758153986362239,0.0,0.2937372663846459,0.038074594128482485,0.039880510116975215
Mixture60,0.0,0.6490308588005081,0.03891950040465955,0.05974148186744777,0.1711285333051909,0.0519488735130122,0.029230752109181374
Mixture61,0.11341318536480553,0.3527253144208405,0.06050727184656102,0.03653096946331295,0.349963561113015,0.05383337940817961,0.03302631838328541
Mixture62,0.13900394853197703,0.4097038093109159,0.04668336615291237,0.02298895414464125,0.27502317125885284,0.058370599609523795,0.048226150991176824
Mixture63,0.18909557694760842,0.44680861871981775,0.06740822971589332,0.029066890820144724,0.23019919813875178,0.03742148565778402,0.0
Mixture64,0.0641502344259357,0.5151322304231893,0.045713108333328444,0.04035835232328414,0.2511275630621949,0.03681291667455051,0.04670559475751696
Mixture65,0.11439347385044105,0.36825048100966135,0.04763115270569831,0.033302352807863214,0.32228245129183647,0.08080370214687646,0.03333638618762315
Mixture66,0.10370149460520453,0.4048501737601786,0.0,0.0717200699548162,0.3195784265637625,0.04042262046188484,0.0597272146541533
Mixture67,0.17505910381353573,0.3740666248112889,0.05788731697792138,0.03205494535917274,0.3122418294554381,0.0,0.048690179582643094
Mixture68,0.11640127707231929,0.5550797136259619,0.037492746013315634,0.03362891456264101,0.2130248691075969,0.024513482287613037,0.01985899733055223
Mixture69,0.07029155582194216,0.46407451074144945,0.06933189954023057,0.06814847065381974,0.2621099199715812,0.03424283319062862,0.03180081008034828
Mixture70,0.14519767300638473,0.5036098713099696,0.05898119725065526,0.0,0.23061001162826514,0.028343424606511708,0.033257822198213625
Mixture71,0.16654281985217523,0.6726788528236162,0.031544940197001034,0.043805843175934354,0.0,0.030354776418375504,0.05507276753289769
Mixture72,0.07266955982331803,0.47264372095037616,0.0453441403053237,0.05398242560273187,0.3128470082054506,0.0,0.04251314511279963
Mixture73,0.20875652707734685,0.0,0.07585843402260241,0.0842223312987087,0.5304570511015768,0.06487998946459571,0.03582566703516953
Mixture74,0.08491401518290626,0.5473242992678353,0.05776471480096123,0.032061769705765304,0.1704422154061034,0.06524960618803188,0.04224337944839662
Mixture75,0.06965572200237426,0.48415857748683805,0.04126684562147513,0.04257499415773666,0.3125372784360596,0.01970128984497697,0.030105292450539275
Mixture76,0.13549396686652665,0.47126492964059347,0.0595771915281828,0.04433701277438755,0.23204241959833757,0.05728447959197195,0.0
Mixture77,0.18145994709815627,0.26844671410432913,0.046652626489777395,0.03125878690226819,0.3595793891885862,0.07327048268133987,0.039332053535542984
Mixture78,0.0,0.45355278586404746,0.05650704370393527,0.0422226702787856,0.3627660613304738,0.02882785868068303,0.056123580142074865
Mixture79,0.1295140743580053,0.30810735757424446,0.02678498657032772,0.02873481602216296,0.4577003311951694,0.02993611420877672,0.019222320071313442
Mixture80,0.111843889926924,0.6422851668610843,0.07376910360756377,0.07562274267920131,0.0,0.05402804881115318,0.042451048114073554
Mixture81,0.0835076692801225,0.397267396490521,0.05224113752361209,0.04576524093296877,0.33985904306785425,0.055039228818382004,0.02632028388653932
Mixture82,0.14358900732541066,0.5231240991694248,0.03575252116174075,0.05612260671376874,0.17306310090451146,0.0408087090581024,0.02753995566704115
Mixture83,0.0600714417552265,0.49766081648517424,0.0,0.04581037303937758,0.33722957453987906,0.044351407146461096,0.014876387033881427
Mixture84,0.14493438924112678,0.5492421017454338,0.02327013828207639,0.04237731525678431,0.17494094220249715,0.049333597193421154,0.015901516078660492
Mixture85,0.1250749155220346,0.4808239218572969,0.055367495474406586,0.11971587691049412,0.0,0.12016093463234298,0.09885685560342494
Mixture86,0.15073211371607245,0.5257400124772253,0.03556046774621463,0.03117855307252083,0.22232991244733669,0.0,0.034458940540630034
Mixture87,0.0978916787087396,0.3391515942766789,0.05818080169163905,0.05901496136085343,0.37363211886748976,0.034531150039030296,0.037597695055568994
Mixture88,0.10313948346638525,0.4902168395772762,0.03827031455025296,0.0,0.2937736054242554,0.05386417176565706,0.020735585216173084
Mixture89,0.0,0.38101162900505564,0.0421413966199431,0.06339388455755306,0.3494364102761051,0.09348307300555347,0.07053360653578966
Mixture90,0.13361646255504075,0.3914162364146196,0.019167301202851806,0.044891265668805094,0.3346241217252638,0.043391348586905354,0.03289326384651369
Mixture91,0.18709428975821696,0.0,0.09274947033617588,0.04085968966958,0.4895379700804862,0.11763473085085147,0.07212384930468951
Mixture92,0.1467943624028399,0.3080487462016573,0.039944034798706715,0.042386258776479155,0.40328962040086447,0.03658892181296942,0.022948055606483032
Mixture93,0.0,0.6192248911325512,0.05076819712240384,0.022749598070405542,0.20955025946128658,0.05487932229619333,0.04282773191715943
Mixture94,0.08088127596992427,0.371392430722131,0.07251958455714162,0.05818619231002019,0.3252705955710718,0.053256321644205525,0.038493599225505507
Mixture95,0.3012142051000589,0.0,0.07171472651372038,0.09920559359346251,0.3914759379556081,0.08472623900215835,0.05166329783499176
Mixture96,0.1504272892188515,0.0,0.11402273917906945,0.10078011929296199,0.4092802210012944,0.10682226289227505,0.11866736841554766
Mixture97,0.07646640387002385,0.49488193574355227,0.03654866164927173,0.027200959227663673,0.2981879261262304,0.036053699564805974,0.030660413818452137
Mixture98,0.0891402509657377,0.4630646861694851,0.0447723971059908,0.029211199496504185,0.3268232860226239,0.025369610844476687,0.02161856939518153
Mixture99,0.11568515115346246,0.5270106317603814,0.04669496657664743,0.039374142001481885,0.19498923216474467,0.04682995630631641,0.0294159200369656
Mixture100,0.08511405832214954,0.3942032868995396,0.056135587513915376,0.045269370258482704,0.35086047635736795,0.04569086506761566,0.022726355580929104
