sample_id,granulocyte,CD4_positive_alpha_beta_T_cell,CD8_positive_alpha_beta_T_cell,mature_NK_T_cell,erythroid_progenitor_cell,plasma_cell,hematopoietic_stem_cell,naive_B_cell
Mixture1,0.14669975922416403,0.18124523501959142,0.16522713878131493,0.17133256457405077,0.0,0.17124600222068628,0.08568753777574895,0.07856176240444354
Mixture2,0.11258717582967355,0.3147619101804042,0.0,0.16345271118204857,0.13452599303854834,0.0848320897190393,0.1277781752184803,0.06206194483180575
Mixture3,0.2034246177528322,0.22306101351578453,0.1882111559019865,0.11305664703989599,0.0,0.11229113866404894,0.1128572849700752,0.04709814215537668
Mixture4,0.204973569867951,0.17156975433864152,0.15723087795537966,0.14795017227522148,0.13572470480153578,0.08857250845883485,0.06137124753092037,0.032607164771515276
Mixture5,0.16473859696174786,0.19029968946241485,0.11566780042149223,0.08524261513489359,0.11397081834847139,0.16025250778940184,0.12930285873854255,0.04052511314303571
Mixture6,0.1336716718179125,0.1286906136500238,0.20197468647085431,0.07686474926955449,0.18172230485296423,0.17383414427292093,0.10324182966576971,0.0
Mixture7,0.10395236245903891,0.15709293557858084,0.12345621429896221,0.18993049828178768,0.10736630346563486,0.15047637323971585,0.10971743256163552,0.05800788011464423
Mixture8,0.09286640489675503,0.22267922862534062,0.10633362731663266,0.12946533853314937,0.12725628370679753,0.18363335326200433,0.0801314174332037,0.057634346226116726
Mixture9,0.0,0.33248671545578323,0.1257903797358974,0.11500913249615509,0.07977731830771304,0.16768947406317608,0.12723033856064056,0.05201664138063453
Mixture10,0.15958584089147534,0.2227052259357486,0.1278244520510967,0.07495602503140361,0.22330452004369722,0.11605433876393062,0.0,0.07556959728264791
Mixture11,0.2010116829846606,0.1732475512271682,0.10671027233177191,0.1119978463914983,0.15839707755450358,0.06522188461512,0.1416595106974094,0.04175417419786795
Mixture12,0.1641881826747432,0.19368848620311688,0.1179525774206964,0.07671201816091226,0.14472394168243094,0.13875697400408035,0.11085212694525269,0.05312569290876719
Mixture13,0.18006097301994733,0.18127453660918116,0.1634734511712014,0.08256482811209363,0.164777699213715,0.07914739763579219,0.10584908754477351,0.0428520266932958
Mixture14,0.14243344060389035,0.25174629540148946,0.1145916449098956,0.14679506907095388,0.17628353071592734,0.09773671808370583,0.07041330121413758,0.0
Mixture15,0.16552880902696737,0.24789731894418268,0.1769484333135628,0.0,0.15659253999220052,0.10117725232819515,0.12585577854490834,0.025999867849983115
Mixture16,0.0,0.18501649234363227,0.1902595554417508,0.14516709180262433,0.1145023527553056,0.18135409284002685,0.1166603151487225,0.06704009966793777
Mixture17,0.12536757452153136,0.19042926205132812,0.16052675369024022,0.13078975767166537,0.17568978211159675,0.04679430867408101,0.14267723700702806,0.027725324272529175
Mixture18,0.2067285535069028,0.17174132306716358,0.08032734404813867,0.07136390157584005,0.22124393551199445,0.11747498007027384,0.07497164468220023,0.05614831753748642
Mixture19,0.21623762466161991,0.2616402439251217,0.12378375804647894,0.0,0.12957899254455044,0.12924221748471196,0.08115827863040437,0.058358884707112625
Mixture20,0.20605869386444936,0.10728829956828743,0.1875586611486774,0.09954062373865566,0.14185251542645913,0.07970373683066927,0.14793126761963815,0.030066201803163658
Mixture21,0.2580776978729776,0.1376292346476588,0.20082633537034159,0.07509187547488277,0.0,0.08961554683144796,0.157035625986121,0.08172368381657033
Mixture22,0.2192470732404438,0.21316339666969333,0.07818885360037417,0.14807752638505892,0.12549416970971142,0.10092981202046315,0.07396677503150735,0.040932393342747925
Mixture23,0.13631689121302826,0.20093247092445143,0.16541016041827544,0.15269623463984908,0.18514953148440985,0.06794226359603409,0.09155244772395191,0.0
Mixture24,0.1966268151548485,0.18817385489289853,0.11378313533919003,0.0,0.2115097415776172,0.09548037946575431,0.1359490191569043,0.05847705441278707
Mixture25,0.16691091063661295,0.1613546612596947,0.0,0.11686676258902183,0.13585235619638786,0.19572980307475815,0.15448986798074102,0.06879563826278351
Mixture26,0.13821892717550843,0.1958183537080026,0.07790498018291515,0.0910568122496819,0.15059581370625705,0.15607180699520457,0.1313743413257275,0.058958964656702764
Mixture27,0.19311170679178835,0.1276347537587342,0.1290408236402383,0.129387843047234,0.1653880905864336,0.1108715603699108,0.14456522180566067,0.0
Mixture28,0.21405346235792191,0.21290413343230888,0.0,0.14231708499753215,0.13404226405333428,0.11920503780084533,0.13058245045970532,0.04689556689835207
Mixture29,0.14145355599626866,0.33752327305378715,0.17969679235114974,0.07994822732894044,0.11633684005718299,0.10949139905978848,0.0,0.03554991215288264
Mixture30,0.2419083911165448,0.12408440018106799,0.11505847268046596,0.17151364185927873,0.09807155065483428,0.10605000339934165,0.09039663259800275,0.05291690751046387
Mixture31,0.1394222912368929,0.24997133597021265,0.20138677593201404,0.07561354084312472,0.19981835886973362,0.070265229161476,0.06352246798654601,0.0
Mixture32,0.1965634874709796,0.0,0.18408401524748388,0.10601544810284927,0.20213368504764528,0.10886163975043739,0.16201998880427645,0.0403217355763282
Mixture33,0.18938739591363127,0.2558461057745822,0.11788456165773041,0.09088119536244557,0.16923544372830054,0.07436878925565855,0.06894517437270058,0.03345133393495086
Mixture34,0.1805841018605938,0.21418788349776777,0.12650289733560988,0.18377670379931893,0.09902639714382132,0.13143994826419567,0.0,0.0644820680986927
Mixture35,0.15982187766631512,0.2050450528347146,0.10481412097327375,0.132063332913959,0.17135424935374757,0.10061718701592232,0.07963734153534502,0.04664683770672264
Mixture36,0.2246640395059599,0.1628657999906799,0.15481709904808594,0.1779484155954777,0.0,0.13110648293201307,0.08887557439506374,0.05972258853271966
Mixture37,0.18600747243810295,0.16988720577895364,0.06443012151596793,0.13543601740910277,0.18119046197491137,0.10750018851342719,0.12833088556127653,0.027217646808257605
Mixture38,0.09323524702581784,0.22139630420457979,0.15370239888768852,0.14512347848751478,0.2093238415965274,0.10607065051931609,0.0711480792785556,0.0
Mixture39,0.2188116311594684,0.18129819546428597,0.09902058681453751,0.18241173594380466,0.11609564727473977,0.0,0.1355513331491426,0.06681087019402115
Mixture40,0.15305689587466023,0.16356475147058183,0.22661235270923755,0.07515592943210746,0.08960354721907618,0.1441726021434988,0.08126579328793458,0.0665681278629034
Mixture41,0.1848168568336128,0.10229847179199773,0.15806561661590496,0.15452472266899767,0.1568546151271952,0.07820422227176604,0.14025243043762267,0.024983064252902976
Mixture42,0.1810103427967861,0.23607973867620796,0.1299984179343598,0.1573647510089499,0.15616695392656096,0.0,0.10559603934490329,0.033783756312231926
Mixture43,0.1236080345868106,0.240220086341336,0.1702943577784698,0.10535097738210006,0.09588485061706235,0.10974065619689846,0.0887264839060456,0.06617455319127716
Mixture44,0.2966329958090496,0.16062843389776,0.11958101893911953,0.1063077764934218,0.13751047622267645,0.14588459637477727,0.0,0.03345470226319531
Mixture45,0.0,0.2179571765689269,0.21874746930533664,0.1884574765849719,0.14416563957707323,0.09884178487563815,0.08300779109051114,0.048822661997541955
Mixture46,0.09256392791912633,0.2502531213618614,0.20093365306162017,0.1307207286767052,0.08757485180119795,0.08172396191279174,0.1306365667591934,0.025593188507503743
Mixture47,0.2263478499128781,0.13082167218609622,0.2002958940203783,0.13942993328449155,0.14360635459418586,0.0,0.12817980664238382,0.031318489359586234
Mixture48,0.1688206649043473,0.23549400681157792,0.1231594987007304,0.1136103332512685,0.12954095500367027,0.08279927526218937,0.14657526606621618,0.0
Mixture49,0.15944801806888714,0.3251060856107016,0.11554031601899174,0.0,0.20206373387176715,0.06090532907071274,0.07802131279235254,0.05891520456658708
Mixture50,0.10900450105006142,0.17508887356500066,0.1661584722265454,0.15318012790340524,0.1708674008672326,0.1217187243179895,0.07713048996788395,0.026851410101881218
Mixture51,0.12112691723415799,0.0,0.12874179317232298,0.17653186882284888,0.21164524296083548,0.19429508412461735,0.11514624465203933,0.05251284903317796
Mixture52,0.24527003818243223,0.11381212975222332,0.20160388978417726,0.128177328441289,0.08836907005622316,0.0,0.1633811563717183,0.05938638741193665
Mixture53,0.1858623715556541,0.2675839038810866,0.07072781618254868,0.11844761831637515,0.13220248392690398,0.06656907062604746,0.09906944155538953,0.059537293955994476
Mixture54,0.09369886119627593,0.19342008930196083,0.13759735005779775,0.16111361444984812,0.0755529046036993,0.1534878805281581,0.1559564940672855,0.029172805794974464
Mixture55,0.20077039193461446,0.11616855368689911,0.11715100379482613,0.0934712435700809,0.13695524767803713,0.11882917428354452,0.1637432574011757,0.05291112765082206
Mixture56,0.0,0.19369381994484713,0.14251077578794505,0.12625251473168556,0.16623144033641013,0.1502891890824183,0.16475900351923162,0.05626325659746225
Mixture57,0.2250380115595397,0.13824392947319852,0.1981651072531807,0.102918689174754,0.07995294151693913,0.11321585460718979,0.11230389032374838,0.03016157609144977
Mixture58,0.1096183216556002,0.20586568823136298,0.1466231806323229,0.16029454361336562,0.15471477817979426,0.09246170767435612,0.13042178001319787,0.0
Mixture59,0.16054073018759862,0.1649638500535053,0.13610970548257506,0.0,0.14369301212591665,0.18290793554781684,0.16883066477417422,0.04295410182841319
Mixture60,0.0,0.1337976265000341,0.19387650770954792,0.11793433204026645,0.13055994226133502,0.1587545752493994,0.19084894532647162,0.07422807091294542
Mixture61,0.17575071985938143,0.2384817913566334,0.08170250414115206,0.1518276588015135,0.11830545665574084,0.10074757937831341,0.09977941984696358,0.033404869960301876
Mixture62,0.18570841693704454,0.10887097492556376,0.1819650618553036,0.11853000042626798,0.16290553412008116,0.09773667673793289,0.10473427807086147,0.03954905692694467
Mixture63,0.09845963159341142,0.26566452040756894,0.1995699302658513,0.1311488517066734,0.09841207201732018,0.06194091506667478,0.1448040789424999,0.0
Mixture64,0.21305626494111649,0.1807401350621256,0.12570637000463067,0.1271261425602655,0.08174567197267255,0.12607886996152468,0.07746365121349348,0.06808289428417102
Mixture65,0.1257739589035333,0.19126282721266516,0.13492986232643872,0.13335436678222845,0.1205631480113064,0.07454417578286954,0.186817098037803,0.03275456294315545
Mixture66,0.22202214909439122,0.14661558112576478,0.196234923922036,0.08059923157559795,0.10697806476397509,0.08493982717077443,0.16261022234746053,0.0
Mixture67,0.14058937887217257,0.18048912199171874,0.09594574021339372,0.13120938368722004,0.13442793879618692,0.14102231974441753,0.1763161166948904,0.0
Mixture68,0.16329268804256347,0.20694391307610477,0.13128458354685926,0.12060935168201735,0.15550376710509603,0.09385632518163552,0.0931438349116299,0.03536553645409361
Mixture69,0.15662930486054213,0.17904753803995785,0.23437181099360038,0.08297616449072677,0.11218904811709823,0.07082331160679742,0.10251737612806434,0.0614454457632128
Mixture70,0.0,0.2620822180186646,0.1576484311632833,0.15523738309071464,0.13459840743469673,0.08797905495302798,0.1627822958979239,0.03967220944168895
Mixture71,0.1087146822935656,0.2930963904977101,0.19300755220727256,0.11562417453032382,0.0,0.14837950602970834,0.07678771297416977,0.06438998146724988
Mixture72,0.21099385038717075,0.2102070065249874,0.15197776632751753,0.07363831579244856,0.15311279093264915,0.14356893164726,0.0,0.05650133838796659
Mixture73,0.19480018245101577,0.0,0.18238727891144085,0.1399922569837566,0.17525008311618595,0.13387512616147385,0.12279362859017226,0.05090144378595471
Mixture74,0.11891555798514347,0.23098927178961523,0.0792250584889094,0.06559314601051489,0.16079488518295365,0.1418203333281783,0.1693709571653069,0.03329079004937813
Mixture75,0.19930219985989842,0.11082410251407442,0.17522912918633024,0.14280293886473336,0.14139013829074,0.0645889849028737,0.1321676029440387,0.03369490343731121
Mixture76,0.16106149723622631,0.26603024313847207,0.10398148414010665,0.14488642563202186,0.13577817640771586,0.0,0.14281602574553748,0.04544614769991971
Mixture77,0.10543318621514039,0.17651165725882792,0.15067955091208515,0.13913437803890824,0.19526473606493303,0.10416120394687957,0.05866017762410894,0.07015510993911674
Mixture78,0.18976784427253815,0.2312074532181386,0.10081479825777293,0.12287353778340424,0.10939893917005292,0.1481278301265511,0.09780959717154204,0.0
Mixture79,0.10474798267455693,0.13414001653420865,0.20909935048110856,0.1201278720732278,0.1881094776967058,0.12110540388936648,0.07276447263638684,0.04990542401443896
Mixture80,0.17199871073865913,0.2957998024488037,0.1919284780850278,0.1141321866735864,0.0,0.08229810079527275,0.10797289843131769,0.03586982282733253
Mixture81,0.21822733842297018,0.1708735320578009,0.11088415582823076,0.09128138119151158,0.13102544071706765,0.08432285957956073,0.13969315086904605,0.05369214133381215
Mixture82,0.13372329795398835,0.28382889583561893,0.13727488475218794,0.09009868681147226,0.12464284402273652,0.12574663374655498,0.06943905749065693,0.03524569938678406
Mixture83,0.25671746622665437,0.12274612528564896,0.19693067483237758,0.07481028592009174,0.0,0.18282460873034184,0.11104379263412521,0.05492704637076036
Mixture84,0.21559771469363487,0.1073136529419437,0.09146146603955838,0.14183810403745142,0.08368437218015846,0.1637428438684213,0.16309535877522632,0.03326648746360553
Mixture85,0.2418376301682056,0.2940340686591191,0.09591101529881908,0.11210978536223927,0.0,0.05951865179199591,0.1698811860265456,0.026707662693075444
Mixture86,0.15194108627911018,0.2674321930013141,0.16112366087697608,0.09558934488202674,0.1856607983833516,0.0,0.10241407678468939,0.035838839792531996
Mixture87,0.12468331306748578,0.1497641547404388,0.11491339329661772,0.1475436349572931,0.12119975112817846,0.11569033486804868,0.158018409078259,0.06818700886367846
Mixture88,0.109785477956474,0.21885224997551703,0.18039803775500624,0.06129326070641252,0.21394454276140903,0.11744069240906424,0.09828573843611703,0.0
Mixture89,0.0,0.3482490024566906,0.10814475429748154,0.14029440444753405,0.10942321727297886,0.07075617405330918,0.17919678814054252,0.04393565933146323
Mixture90,0.19466183566715228,0.25531793753414517,0.10795091601481926,0.055712619117401364,0.10412051315915541,0.1016145911286768,0.1151163642082796,0.06550522317037007
Mixture91,0.2573928225966801,0.0,0.23014983857207566,0.13723693239921486,0.1361858511428301,0.06472167022790247,0.11424115869400275,0.060071726367294
Mixture92,0.15750751130250132,0.14496428520628804,0.1297587863652355,0.1697152533138752,0.19368361618305055,0.07262001685828551,0.07955994705974248,0.052190583711021456
Mixture93,0.17360492810890357,0.14371301965393068,0.15931929056014535,0.13838305602145157,0.17786754316655853,0.12083072693154097,0.08628143555746931,0.0
Mixture94,0.20751494429443698,0.22512948374104458,0.0866447019486666,0.11128253326439028,0.07744194190220699,0.15464054930303298,0.09684603498761517,0.04049981055860643
Mixture95,0.1904759304133837,0.2821800457517151,0.1846670307743361,0.08272647971562656,0.0,0.13689157222238968,0.07687968660418175,0.046179254518367026
Mixture96,0.10974851044229127,0.0,0.1843686229050986,0.15283648935499947,0.25026121906849547,0.1551015031744392,0.0860247067814986,0.06165894827317743
Mixture97,0.1466453244992018,0.1881441241083526,0.14071966511866824,0.09925546931547337,0.16437457670785857,0.07908584187007714,0.13891339823442467,0.042861600145943576
Mixture98,0.11872186479067807,0.24866997895685422,0.18975579415441488,0.08503987749255222,0.12849878130143602,0.07745188869051063,0.09688196114849802,0.0549798534650559
Mixture99,0.15810506029379398,0.22158759156866883,0.16103751950199652,0.11067992906751957,0.1540052080703238,0.07261461527147099,0.09492516276113368,0.027044913465092586
Mixture100,0.13121667740086101,0.23771018267609445,0.10249583069263608,0.12466976660656572,0.11253541000785765,0.14013863413906297,0.12059635105906383,0.03063714741785827
