sample_id,type_II_pneumocyte,adventitial_cell,mature_NK_T_cell
Mixture1,0.8400053452106763,0.041589289664614566,0.11840536512470916
Mixture2,0.6572534047888665,0.1411099975758875,0.20163659763524605
Mixture3,0.7566067272062218,0.10009823230034573,0.1432950404934325
Mixture4,0.7116462850554122,0.11385642175606803,0.1744972931885199
Mixture5,0.7087866366481136,0.09136388503770212,0.1998494783141842
Mixture6,0.7214955227105676,0.10650419213160804,0.17200028515782437
Mixture7,0.7560279005431956,0.05754670067498739,0.18642539878181702
Mixture8,0.8505784703053819,0.0466683462116577,0.10275318348296042
Mixture9,0.8514870330290724,0.056846083576982925,0.09166688339394456
Mixture10,0.7079037267513127,0.08720527952435785,0.20489099372432942
Mixture11,0.9172591820712445,0.03220353740446371,0.0505372805242918
Mixture12,0.7569162773696468,0.10838254356290408,0.1347011790674491
Mixture13,0.8061649863083141,0.038096970548881705,0.15573804314280426
Mixture14,0.771906405894469,0.07370616660529276,0.1543874275002383
Mixture15,0.8094012083585813,0.10404080563458803,0.08655798600683076
Mixture16,0.726829263993561,0.08031556980957995,0.1928551661968591
Mixture17,0.8024460664388888,0.09800326948839003,0.09955066407272121
Mixture18,0.8876353994700388,0.04747307596391518,0.06489152456604602
Mixture19,0.750723506181265,0.11355858915355832,0.13571790466517658
Mixture20,0.8240333329289204,0.05760211254337812,0.11836455452770145
Mixture21,0.8597411515891688,0.08303116581855162,0.05722768259227958
Mixture22,0.830029547307798,0.06266820012177444,0.10730225257042768
Mixture23,0.8219730638850341,0.08900834641127585,0.08901858970369007
Mixture24,0.8026981766860919,0.09744612767383111,0.09985569564007694
Mixture25,0.6434952615404155,0.1520807211251652,0.20442401733441928
Mixture26,0.8224405664180181,0.08573742313714373,0.0918220104448381
Mixture27,0.8058725287909736,0.06974601922300201,0.12438145198602432
Mixture28,0.8537827465344877,0.036225055569959634,0.10999219789555267
Mixture29,0.811321551781024,0.10594561127880761,0.08273283694016838
Mixture30,0.813681965537865,0.09292816974907281,0.0933898647130622
Mixture31,0.755182961080655,0.07728715129021936,0.16752988762912568
Mixture32,0.8589054368904147,0.0382114344564424,0.10288312865314306
Mixture33,0.7540981458512619,0.1045028126195444,0.14139904152919383
Mixture34,0.7569056999753334,0.13727021690437838,0.1058240831202882
Mixture35,0.6764137222274635,0.16411492045927614,0.15947135731326034
Mixture36,0.7925812609793751,0.13048724100816073,0.07693149801246421
Mixture37,0.8082295672096091,0.0656846651970961,0.12608576759329465
Mixture38,0.7437398237749414,0.10541790343084136,0.15084227279421733
Mixture39,0.7029259816135623,0.15342087912102773,0.14365313926540998
Mixture40,0.7837102580405686,0.1063921846868925,0.10989755727253893
Mixture41,0.8159909833761025,0.07770985404459765,0.10629916257929976
Mixture42,0.8347768903094874,0.06353508458750017,0.10168802510301245
Mixture43,0.8568571420460634,0.07269172175064939,0.07045113620328726
Mixture44,0.8853120188231342,0.05257057432897188,0.06211740684789404
Mixture45,0.8143705496291695,0.0734886240219655,0.11214082634886496
Mixture46,0.8599657552596297,0.06255681807004236,0.07747742667032798
Mixture47,0.778127249953492,0.08580619323849702,0.13606655680801089
Mixture48,0.8443706538388673,0.07108123340996524,0.08454811275116743
Mixture49,0.6979004675838817,0.10120944728908376,0.20089008512703452
Mixture50,0.858397476806992,0.03871908788119707,0.10288343531181106
Mixture51,0.6759849091272706,0.12510948797240745,0.19890560290032186
Mixture52,0.8213261941293093,0.1168063350196504,0.06186747085104027
Mixture53,0.8015816557213811,0.0765270477751015,0.12189129650351738
Mixture54,0.813286809396275,0.10111741836374698,0.08559577223997802
Mixture55,0.6731385054130311,0.15043853476998273,0.17642295981698616
Mixture56,0.879105049154251,0.060055075238399556,0.060839875607349485
Mixture57,0.8420912731010352,0.0452000656086987,0.11270866129026612
Mixture58,0.8214670815579126,0.0527283286271619,0.1258045898149256
Mixture59,0.7883775775572043,0.0902881043397616,0.12133431810303416
Mixture60,0.7063987787575211,0.09224280655870365,0.20135841468377522
Mixture61,0.775900330353812,0.13325296139498874,0.0908467082511992
Mixture62,0.7571831253824055,0.06739484873159148,0.1754220258860029
Mixture63,0.8608475014420018,0.08210497354441403,0.05704752501358415
Mixture64,0.8282067774359114,0.0640906177577142,0.1077026048063743
Mixture65,0.8720619580939604,0.04237398245225481,0.08556405945378477
Mixture66,0.7842201986740328,0.07471552535102513,0.14106427597494203
Mixture67,0.6801899507702069,0.11472097543176542,0.20508907379802757
Mixture68,0.7409606828865263,0.10513459543150717,0.15390472168196664
Mixture69,0.7690203219874014,0.059017342749994144,0.17196233526260432
Mixture70,0.858483773350611,0.08530440112444022,0.056211825524948814
Mixture71,0.8882322998104145,0.04976897775399124,0.06199872243559432
Mixture72,0.8344330594267535,0.07817038116416365,0.08739655940908293
Mixture73,0.8420660172377861,0.047500517174565896,0.11043346558764812
Mixture74,0.6792165573688909,0.13582025078852897,0.18496319184258017
Mixture75,0.695039143374568,0.1422308919197466,0.16272996470568551
Mixture76,0.6960885725513767,0.14509715710382898,0.15881427034479423
Mixture77,0.8156518528502597,0.09486482929336329,0.08948331785637705
Mixture78,0.7426402101175325,0.11134765399493231,0.1460121358875352
Mixture79,0.8163736543300357,0.08887132602235666,0.09475501964760755
Mixture80,0.8933342179296575,0.0407785589724437,0.06588722309789888
Mixture81,0.7982144924210369,0.07957409292376388,0.1222114146551992
Mixture82,0.7849808560078577,0.051992971361354175,0.16302617263078817
Mixture83,0.8590669590473519,0.05779646766218778,0.08313657329046042
Mixture84,0.7560259929805493,0.1308484272959794,0.11312557972347127
Mixture85,0.7976085964777899,0.0933420226510829,0.10904938087112723
Mixture86,0.8012586899553212,0.1139345629916137,0.08480674705306501
Mixture87,0.7303876078585942,0.17301352876419426,0.09659886337721159
Mixture88,0.8380108488977612,0.08377189753183002,0.07821725357040873
Mixture89,0.8013479534163938,0.07443692878344013,0.12421511780016613
Mixture90,0.8017032220817096,0.1038534638377363,0.09444331408055412
Mixture91,0.8070273589495736,0.10176061215034023,0.09121202890008619
Mixture92,0.8155623682079994,0.0695400175291499,0.11489761426285065
Mixture93,0.7915485307620376,0.04828563862164314,0.16016583061631923
Mixture94,0.8748577079882416,0.035268735119535294,0.0898735568922231
Mixture95,0.8714791684397939,0.057160752402164824,0.07136007915804127
Mixture96,0.9039963580914757,0.04351978989179674,0.052483852016727485
Mixture97,0.7954260196937776,0.08068767693721399,0.12388630336900838
Mixture98,0.7997217004894038,0.09557901750476497,0.1046992820058312
Mixture99,0.7683680214805021,0.10818657493423897,0.12344540358525895
Mixture100,0.8324609275741521,0.047516233288456604,0.12002283913739129
