sample_id,NK cells,B cells,Tregs,mDC,Monocytes,Neutrophils,T cells CD8,T cells CD4 conv,Other
pbmc_1,0.0675,0.0581,0.0175,0.016,0.20010000000000003,0.0245,0.1564,0.3796,0.0802
pbmc_10,0.0718,0.064,0.0084,0.0227,0.3586,0.0397,0.1839,0.17859999999999998,0.0722
pbmc_12,0.1409,0.0516,0.005,0.0426,0.2003,0.0268,0.2984,0.1533,0.08109999999999999
pbmc_2,0.1128,0.0296,0.0143,0.023399999999999997,0.2481,0.0484,0.1638,0.2552,0.10439999999999999
pbmc_4,0.11539999999999999,0.0384,0.0097,0.035699999999999996,0.1943,0.036699999999999997,0.2452,0.22469999999999998,0.0999
pbmc_5,0.08960000000000001,0.060599999999999994,0.0084,0.0424,0.2636,0.0332,0.3661,0.08529999999999999,0.0508
pbmc_6,0.1035,0.0645,0.0108,0.0242,0.32380000000000003,0.0443,0.2834,0.09960000000000001,0.045899999999999996
pbmc_7,0.1746,0.0403,0.0087,0.0329,0.23870000000000002,0.050499999999999996,0.32270000000000004,0.1274,0.0043
pbmc_9,0.1144,0.048,0.0085,0.047599999999999996,0.2815,0.025699999999999997,0.226,0.12890000000000001,0.1193
